id,target
1,53.17032
2,52.396324
3,51.510777
8,53.432384
11,54.16851
15,51.51115
16,51.337276
18,51.484047
19,48.968037
23,52.079357
24,53.03095
26,51.733036
52,52.752934
58,51.30825
59,53.17591
60,53.127293
64,51.60211
68,51.154953
83,49.926876
84,53.091766
85,51.948242
86,53.372993
87,53.362408
88,52.944588
89,52.429855
95,49.709152
96,50.63743
98,55.309837
99,53.22908
103,52.84062
107,52.694168
113,50.766994
119,54.831116
120,50.446613
121,51.797512
122,54.421345
123,52.77107
124,52.07466
130,52.118393
131,52.50912
167,52.677555
189,52.205776
234,54.4924
245,51.272945
253,50.418377
257,51.89084
258,50.338165
268,59.045162
269,49.680286
270,51.66132
273,53.467525
280,53.97007
286,48.310886
288,50.80162
289,50.24466
293,47.06188
347,49.43174
348,52.176693
354,49.59347
360,49.121975
404,51.961773
406,50.196915
435,53.612495
438,55.39181
439,57.370426
440,52.047745
442,51.358345
443,51.211964
444,51.620506
445,51.813038
448,51.80119
480,49.854885
482,50.7529
486,50.391926
496,57.9626
507,52.945324
508,55.18562
509,54.22069
510,53.823383
511,52.971577
523,50.517826
527,52.251816
528,52.29568
536,49.99936
537,49.39591
542,53.53098
543,52.640587
549,49.250454
555,48.520844
563,49.523926
584,46.247593
585,50.015434
586,49.196278
587,49.645294
588,49.766556
595,50.933895
596,49.155838
603,54.136417
609,55.42979
616,54.756832
619,53.06666
623,52.995834
626,50.25139
631,52.431805
635,51.968334
636,51.026344
643,54.065998
645,54.521374
649,54.31578
653,51.34722
657,52.661446
658,50.90985
661,49.527924
670,51.283398
671,50.5995
674,52.87903
676,45.389473
681,49.971344
689,52.750324
695,51.412476
696,52.526024
700,50.04081
701,49.11638
714,52.23648
715,52.706112
716,52.575024
719,55.49456
726,52.56073
727,55.2399
747,56.058445
748,56.70152
750,54.527756
751,54.741
752,54.741
754,52.902138
756,52.01958
763,52.297768
788,54.527756
790,56.67252
792,53.018932
822,53.16738
823,53.934223
824,53.601143
825,51.859936
827,53.953716
831,58.258144
832,49.27072
833,49.2447
841,49.370495
842,50.981762
850,58.826443
855,51.30825
864,49.545994
869,49.93889
876,52.157845
891,53.989204
892,53.25925
893,53.102005
901,52.78953
911,50.886257
917,51.315765
918,49.76329
920,48.86149
922,49.375435
926,53.2703
928,51.866974
929,52.5211
946,55.49386
955,49.46216
964,48.06803
965,50.254425
967,49.985237
969,50.461456
973,55.055073
974,51.416245
987,48.641884
989,50.434605
995,54.49959
1007,53.804207
1010,50.093735
1015,54.419136
1017,52.75696
1032,52.93975
1033,51.358093
1042,52.78748
1044,53.519203
1056,53.272675
1061,52.228706
1066,50.121227
1070,53.834972
1071,51.66781
1072,58.58121
1073,51.641792
1074,51.048824
1076,51.43608
1081,49.439022
1082,52.633823
1105,50.562607
1111,49.014683
1112,53.392067
1122,51.730488
1155,49.707523
1156,51.81458
1164,47.298885
1169,51.799763
1186,51.908634
1187,50.99353
1189,55.087166
1190,55.384384
1205,53.143593
1206,50.1083
1207,53.40845
1208,50.646893
1209,53.42796
1223,50.004257
1224,52.972946
1225,52.84521
1230,49.09883
1244,47.71866
1262,49.750053
1263,48.424816
1269,50.38153
1270,47.867153
1272,48.18036
1281,47.753998
1294,50.619423
1295,52.5341
1296,49.362267
1298,49.501087
1317,50.880737
1318,51.980137
1320,58.3398
1323,56.740887
1324,56.709557
1325,56.497112
1326,57.529434
1332,57.909164
1334,51.069046
1335,58.873016
1342,58.3594
1343,57.236076
1345,56.639713
1347,57.33648
1352,57.363476
1354,59.3172
1355,58.55172
1358,61.66748
1360,55.33866
1364,59.667305
1369,60.26598
1371,52.880947
1383,50.224545
1384,49.583637
1389,49.1332
1390,49.472664
1406,49.69329
1409,51.79653
1411,52.68647
1412,50.256187
1414,49.523926
1426,48.430115
1437,49.621777
1456,52.64411
1460,52.036713
1461,52.344616
1462,50.97213
1474,48.123466
1479,50.86731
1485,46.849697
1496,48.121582
1526,54.14758
1530,48.83037
1534,51.786556
1535,55.18817
1537,51.57302
1551,51.641567
1553,50.630512
1557,53.903545
1561,50.51874
1562,50.40309
1575,52.30322
1576,48.6018
1577,51.57129
1581,51.754032
1584,50.619366
1586,50.35987
1591,54.367264
1597,51.93482
1612,51.57818
1613,58.626842
1614,50.811195
1617,48.82535
1618,48.826355
1620,53.047832
1622,53.81874
1634,57.332207
1636,55.17324
1637,55.50328
1638,49.976997
1655,50.73284
1659,56.967148
1660,49.190094
1661,54.21626
1673,48.484783
1674,47.882496
1690,47.52543
1694,47.61701
1695,52.993458
1696,52.956505
1697,52.592518
1698,54.225136
1699,54.56973
1700,53.98542
1708,50.100433
1709,50.548298
1718,48.11077
1725,50.914444
1728,47.935303
1729,57.147907
1737,48.141846
1757,52.799335
1766,52.541428
1770,52.387638
1774,53.429703
1775,49.92882
1777,51.179455
1778,50.97505
1785,51.563107
1787,52.645706
1788,53.163395
1809,55.36722
1810,56.859463
1811,55.044373
1825,56.65212
1826,55.299618
1835,52.87967
1852,50.64896
1855,53.58561
1858,51.46604
1875,50.860138
1876,52.54603
1877,48.430115
1882,45.93697
1885,52.71967
1891,52.225662
1892,49.155308
1896,51.843094
1900,50.93243
1906,51.315804
1907,51.07953
1908,50.697956
1909,50.61971
1910,49.86609
1913,51.597305
1923,49.854256
1924,50.169163
1927,50.408104
1933,51.3164
1934,51.200943
1936,54.367264
1941,49.390587
1942,50.563786
1943,48.592888
1948,50.79744
1949,50.002167
1950,50.79744
1955,56.455013
1956,55.467712
1963,57.63934
1978,46.302704
1987,51.1071
1994,50.962288
2003,57.719494
2006,52.340324
2008,46.76105
2009,47.399914
2011,49.826256
2031,53.72209
2037,51.6052
2045,50.663647
2048,50.637367
2064,55.03904
2071,49.911934
2074,52.679184
2076,52.998108
2078,52.893642
2079,55.373165
2080,55.72742
2081,58.133873
2083,54.510876
2097,53.929386
2099,52.965324
2122,49.256653
2132,50.969738
2133,48.75994
2148,50.30468
2150,49.939243
2154,50.537514
2167,48.499046
2171,49.461147
2172,47.228344
2173,49.48667
2177,50.085773
2190,50.323334
2209,55.411114
2212,57.023945
2225,51.092316
2229,50.086636
2230,51.77208
2237,48.518612
2243,49.17072
2244,49.252144
2247,54.706375
2249,53.095516
2250,48.043373
2267,49.318142
2281,54.187817
2302,53.473907
2306,54.67011
2313,49.854088
2315,50.333523
2317,53.425434
2345,54.196697
2346,49.9247
2347,50.857998
2353,49.157787
2357,53.717308
2365,53.54599
2366,52.97957
2367,53.098976
2368,52.51116
2369,53.49227
2384,49.039936
2388,48.223087
2397,49.839794
2404,53.341076
2405,52.289925
2414,50.963646
2415,50.521736
2416,50.789413
2427,55.782745
2428,57.278973
2431,54.01707
2432,47.88274
2433,50.196606
2437,49.83601
2439,52.102577
2447,54.13447
2448,51.96253
2449,52.486877
2450,52.407932
2455,51.790443
2463,47.775352
2465,55.698353
2466,52.05987
2470,47.93402
2472,53.9176
2473,53.25637
2474,53.192776
2477,51.712368
2478,50.942627
2495,49.614254
2496,49.937355
2497,51.615036
2512,53.48083
2515,52.607353
2517,49.85382
2522,50.84453
2532,52.051212
2541,53.57883
2545,49.85483
2550,53.17811
2551,51.702087
2564,54.688465
2565,50.97975
2566,49.260048
2578,48.83754
2579,49.196014
2580,46.72959
2597,50.562515
2600,58.087788
2605,50.318047
2611,59.723286
2612,61.62155
2614,49.81191
2627,55.562428
2628,54.17431
2645,50.402313
2660,52.283966
2662,51.346283
2668,50.304554
2675,51.12501
2682,50.664684
2683,47.94135
2694,57.092228
2704,56.321903
2705,52.284847
2706,51.480907
2707,51.480907
2709,56.900925
2719,52.693798
2720,52.86588
2724,51.888832
2725,54.412064
2735,54.397457
2743,49.83409
2746,49.200462
2751,48.96342
2753,53.49422
2760,53.936985
2778,60.72664
2780,48.47298
2789,53.005157
2790,51.435135
2791,51.779633
2793,49.672123
2803,50.89581
2804,51.075127
2805,53.31136
2806,52.855072
2807,53.17591
2810,51.460243
2811,52.216633
2814,51.004547
2815,51.4453
2827,51.587257
2828,51.310867
2843,50.19618
2846,53.817047
2849,49.577274
2850,48.215866
2861,53.460842
2866,53.945118
2867,46.83969
2877,52.689957
2883,48.379208
2885,53.24928
2898,48.91047
2901,51.01252
2902,50.026688
2904,49.72457
2906,56.41501
2918,49.74175
2929,48.00652
2933,51.588245
2936,54.28832
2942,50.06691
2952,49.427773
2958,48.99179
2963,55.972588
2965,51.568127
2972,50.5264
2989,49.783623
2995,49.815403
3003,50.2114
3009,50.08166
3012,50.43027
3018,48.06199
3019,49.643547
3026,49.559784
3027,51.659107
3030,48.527252
3031,49.44154
3032,47.507412
3036,52.859222
3040,49.40376
3069,51.1789
3081,52.68747
3094,53.94365
3095,54.561237
3096,52.90245
3100,51.522564
3110,53.301117
3129,49.266453
3132,50.628536
3136,48.05863
3137,48.129074
3138,51.842243
3139,51.48421
3146,53.143024
3147,54.107048
3151,48.127213
3163,56.50173
3170,52.861988
3171,49.30352
3184,50.631813
3192,57.742203
3194,49.59035
3195,48.425777
3198,55.51222
3199,58.670727
3200,60.383133
3201,59.53203
3203,51.14341
3204,50.89532
3205,56.337177
3214,50.05503
3219,56.29793
3238,50.487167
3241,51.045692
3242,50.59032
3246,53.28474
3247,50.86884
3250,53.200436
3252,49.900692
3253,50.53646
3277,47.650917
3279,51.600784
3281,52.259018
3283,51.071495
3284,50.466404
3288,53.90267
3290,50.714417
3293,51.48772
3296,54.382584
3304,47.42848
3313,52.180485
3314,50.546047
3319,55.538857
3320,48.896324
3321,49.59931
3322,48.500893
3323,53.17032
3324,54.107765
3327,50.308727
3329,55.706863
3330,54.41099
3331,53.25679
3334,50.559135
3341,51.454548
3344,50.724174
3346,51.534542
3347,51.2555
3367,50.027122
3373,52.515488
3379,51.426582
3380,51.721066
3384,53.62897
3388,48.031597
3389,47.01648
3392,52.246277
3395,52.96162
3426,55.571075
3427,55.312798
3428,54.6194
3430,50.68451
3431,50.131855
3433,50.367237
3434,50.837223
3439,54.954212
3440,55.03412
3443,46.488205
3444,49.117653
3452,59.31654
3457,52.696728
3465,50.346367
3474,50.392124
3491,58.106934
3496,59.884983
3497,58.6754
3498,55.254456
3500,56.685528
3506,50.20484
3515,53.62412
3516,52.855366
3517,55.872105
3518,54.53013
3523,50.818905
3526,52.04374
3549,53.71862
3550,51.906567
3575,52.156563
3577,50.95097
3578,52.719067
3580,50.30981
3583,48.41442
3586,49.040066
3598,50.882256
3601,51.68848
3604,53.62897
3608,54.90793
3609,56.058247
3610,55.062084
3622,50.86919
3623,55.595535
3631,52.42282
3642,51.47694
3663,51.08402
3665,52.474567
3675,47.373833
3678,49.36388
3694,50.766502
3695,51.234047
3697,53.76166
3698,53.24047
3699,49.127647
3703,52.257545
3713,55.303017
3714,51.526226
3717,49.12196
3720,57.504963
3762,54.690292
3771,50.62829
3772,49.366547
3773,48.133858
3778,53.631084
3790,50.91124
3793,51.676407
3795,51.649796
3796,51.251244
3797,50.16819
3807,51.799812
3812,53.405293
3857,54.28657
3871,50.101906
3872,49.96042
3876,54.92678
3890,54.775837
3892,50.202957
3915,52.986923
3932,56.1439
3938,52.653854
3940,51.469845
3965,55.817272
3973,49.403576
3974,49.587147
3978,52.063335
3980,51.216908
3991,53.99991
3995,51.261646
3996,50.45244
4003,51.4508
4017,54.257156
4018,53.29866
4022,52.827637
4034,48.543243
4046,49.31118
4047,48.965824
4054,47.846558
4065,52.235954
4067,51.29085
4068,51.250866
4082,52.82595
4107,55.205048
4108,54.738766
4109,55.72834
4112,55.331882
4113,55.54133
4114,53.087532
4115,53.093475
4123,53.13763
4126,49.688904
4131,50.596752
4132,49.34302
4135,52.63323
4142,48.662712
4143,48.86768
4144,46.575333
4150,49.423794
4157,52.10243
4162,48.152634
4168,51.19799
4175,50.721786
4176,50.11827
4177,49.091007
4185,50.135307
4192,51.384804
4196,54.64606
4199,55.27631
4200,53.306236
4205,51.926895
4210,51.221634
4211,51.36594
4212,51.256344
4215,50.995487
4222,51.42398
4223,50.81543
4232,52.04488
4246,48.71931
4255,49.03446
4261,46.306557
4264,52.228706
4270,53.69617
4309,49.058582
4310,49.35017
4311,48.08618
4316,50.67976
4317,46.739437
4318,51.467274
4322,52.113514
4329,61.29916
4331,50.444855
4335,49.44651
4342,48.83701
4343,48.89591
4344,48.92525
4358,49.178806
4359,50.313717
4360,49.81031
4365,50.652004
4367,54.97244
4368,49.462395
4369,49.27213
4370,48.389053
4371,48.647274
4372,48.475025
4373,50.89076
4376,50.61043
4380,51.52288
4381,52.878407
4395,51.077694
4398,52.043423
4401,54.16296
4404,50.297203
4406,52.762604
4408,50.969707
4410,51.790268
4411,53.775368
4412,52.5389
4413,51.654724
4414,51.65547
4415,51.55396
4432,48.02721
4437,53.198055
4438,50.818214
4442,53.734756
4445,53.67774
4456,55.778145
4457,51.814255
4472,49.89612
4473,49.57772
4484,47.134895
4496,51.68593
4499,53.252518
4500,53.042313
4501,53.701588
4503,55.19585
4518,49.48509
4525,52.924526
4529,53.083378
4535,52.053158
4538,49.848278
4540,49.894615
4543,49.7909
4544,50.04614
4548,52.209274
4549,51.4045
4556,53.79865
4558,53.817364
4562,52.64418
4567,58.048805
4568,56.6266
4569,60.580566
4571,58.760098
4572,51.473934
4581,49.779
4582,49.85262
4589,53.810932
4590,53.482746
4591,54.06784
4593,52.675415
4595,55.450905
4596,55.53087
4614,50.137196
4620,52.476185
4623,53.81003
4627,48.809433
4635,49.970066
4636,48.239594
4637,48.198536
4651,50.81543
4654,54.402794
4658,54.46332
4668,51.499027
4674,56.683407
4681,54.64622
4682,53.81067
4687,51.2164
4689,56.281406
4697,54.224052
4703,50.92078
4707,49.707523
4709,50.277584
4714,54.13793
4715,51.242832
4716,51.815777
4717,49.734795
4732,51.01285
4733,50.493492
4740,53.287334
4741,50.188396
4744,52.570576
4745,52.788795
4746,52.657936
4747,52.831863
4753,53.664394
4767,51.648537
4768,51.440994
4769,52.85793
4772,52.508236
4785,52.001305
4805,51.8384
4813,51.783966
4814,51.45218
4815,51.214874
4840,49.874397
4847,51.963852
4861,51.249504
4863,58.604282
4865,53.73496
4866,53.10233
4867,50.44583
4885,54.60248
4896,50.51974
4903,52.14243
4904,51.002903
4912,47.498196
4917,54.691532
4919,48.547245
4924,53.525978
4926,52.941036
4932,52.77229
4933,51.51297
4936,51.151108
4937,49.738403
4943,52.04618
4945,50.178772
4949,52.940914
4951,51.32145
4954,51.307465
4956,49.90937
4958,53.15946
4961,51.467274
4962,49.90937
4963,51.307465
4965,50.29684
4967,50.607395
4972,52.91573
4987,59.515762
4989,57.147003
4990,58.934498
4991,58.196674
5000,52.744312
5004,54.366653
5008,49.69118
5012,49.23603
5019,50.604996
5033,51.0381
5035,52.882664
5047,58.61149
5048,50.456417
5066,49.512318
5070,53.0785
5071,52.928253
5077,55.512005
5079,49.959946
5084,52.553608
5087,49.20618
5099,50.09778
5102,50.714417
5117,54.09999
5125,50.94131
5126,52.26939
5139,58.092056
5140,57.052856
5141,57.150623
5150,47.373833
5156,52.407066
5158,50.916275
5188,52.995846
5189,52.03154
5199,52.95709
5203,53.726845
5212,52.754566
5215,50.404312
5218,51.901443
5219,52.04393
5220,54.56083
5222,54.219517
5223,51.168163
5232,49.38878
5241,50.298443
5242,56.24568
5244,55.61989
5245,55.17741
5246,56.52569
5247,56.050945
5253,52.541473
5255,52.74903
5256,55.143425
5263,50.050194
5264,51.821514
5265,50.72402
5271,53.86338
5272,53.483463
5282,50.28074
5288,49.79278
5291,49.73428
5293,52.02485
5294,48.738235
5295,50.483402
5296,49.83144
5299,52.028492
5306,55.657726
5308,51.866974
5311,52.042274
5318,58.853146
5319,49.576588
5320,46.543823
5321,48.480762
5324,50.881016
5328,52.459118
5346,49.113503
5356,47.97764
5361,49.877975
5365,50.69839
5369,53.504414
5370,52.251816
5373,53.41988
5375,52.272507
5378,52.34996
5393,55.640987
5398,52.064747
5421,52.34996
5422,52.272507
5426,60.645443
5427,54.20766
5428,48.571934
5429,48.330265
5430,49.246452
5431,48.12037
5435,51.623188
5436,49.341293
5441,47.700676
5447,51.167873
5454,49.340878
5455,49.01236
5458,53.48158
5471,49.812
5475,48.368874
5481,58.394554
5485,49.540737
5494,57.788555
5500,53.092762
5506,50.90329
5513,53.25012
5515,55.539825
5517,54.12444
5520,54.429348
5521,52.636646
5529,55.40638
5535,51.0202
5537,52.894234
5538,52.882153
5543,49.68712
5549,50.407204
5556,47.935303
5557,50.9197
5563,49.886185
5564,50.751816
5582,51.649464
5587,53.880444
5588,49.96068
5592,52.268406
5596,56.584778
5600,48.797646
5602,53.256237
5603,52.52773
5604,51.268787
5606,57.072384
5611,49.151836
5613,52.4101
5614,49.012638
5617,50.269745
5652,49.606766
5654,49.64749
5667,52.896114
5673,48.2617
5684,59.79605
5686,53.42928
5687,54.905903
5692,53.253242
5701,57.168835
5717,49.888206
5718,48.72902
5720,55.242535
5724,55.507805
5725,57.17939
5733,51.150177
5742,48.681767
5759,53.39904
5772,53.648285
5774,50.593983
5776,53.126385
5783,51.758812
5784,54.024036
5785,53.71945
5790,53.304077
5792,49.18108
5794,47.87999
5803,46.32134
5804,52.710587
5809,52.804
5810,51.294212
5811,54.59213
5816,55.502087
5822,48.65508
5823,50.071915
5832,51.507996
5838,48.757412
5839,52.545895
5841,51.877865
5842,50.278633
5843,47.0656
5847,51.942566
5848,54.797382
5854,54.14065
5855,52.234367
5861,48.87258
5868,48.019444
5869,48.019444
5872,51.59421
5873,51.59421
5881,51.514297
5882,49.6395
5885,49.684124
5887,48.0547
5889,49.21375
5890,48.117123
5896,56.86535
5897,54.508945
5898,54.9687
5906,53.24446
5909,51.075127
5915,52.11257
5921,51.175514
5922,55.734577
5923,58.87897
5928,51.443085
5930,51.776894
5937,50.57883
5938,49.974415
5939,49.934525
5940,51.64693
5947,49.60543
5950,54.502502
5951,53.7747
5958,51.546696
5959,51.843395
5963,49.43042
5977,55.683678
5988,48.345478
5989,49.890945
5992,49.123238
5994,50.512566
5998,51.75974
5999,46.661808
6000,50.23302
6001,51.76516
6014,52.37714
6015,52.19329
6016,53.012566
6021,50.49641
6022,52.176865
6025,53.77242
6026,53.21576
6027,49.17969
6031,50.058517
6040,53.466988
6041,53.789936
6042,45.890816
6069,50.001583
6071,50.065865
6072,49.462738
6073,51.55961
6078,54.03688
6081,53.499725
6083,51.057304
6092,54.534008
6110,51.720276
6117,53.478615
6125,52.170685
6126,52.55621
6127,51.276283
6128,51.090343
6138,49.664227
6139,52.55596
6140,52.278393
6148,52.906124
6153,51.50175
6163,53.569286
6164,53.826447
6165,53.831894
6169,53.498203
6170,53.672554
6171,51.254406
6172,50.704544
6173,57.384296
6180,52.950474
6184,52.254543
6191,49.5223
6197,49.76917
6202,49.819565
6204,49.09874
6208,51.603367
6218,49.013798
6219,53.563244
6226,52.116375
6227,53.348648
6228,54.298103
6238,48.722828
6243,46.926895
6254,56.908424
6255,55.03151
6259,59.338318
6276,52.690384
6283,50.068127
6284,50.621044
6285,48.35514
6286,50.093414
6296,50.820675
6297,51.17433
6311,57.581444
6312,57.57783
6320,52.918068
6336,52.54893
6337,47.901028
6338,48.353104
6341,52.5211
6344,51.428528
6345,50.604015
6346,51.074013
6347,51.13409
6352,53.052956
6358,47.765217
6360,45.45298
6361,53.18245
6367,52.205776
6382,54.091118
6391,52.129505
6397,50.141846
6399,53.30459
6401,51.78055
6402,49.515438
6403,50.42897
6405,49.27229
6407,53.20029
6420,49.584305
6424,53.05094
6433,48.680466
6435,49.015167
6436,48.84113
6443,51.034817
6448,51.256042
6450,55.561867
6452,54.295113
6453,53.154858
6465,54.83019
6478,54.229
6480,51.092777
6482,54.56942
6486,51.20469
6504,52.748108
6507,49.88895
6522,53.142986
6531,54.033268
6537,53.335503
6538,52.465984
6539,49.80479
6540,49.636284
6545,51.45301
6549,51.51778
6563,48.38446
6564,48.551823
6565,47.713497
6567,51.954536
6568,52.53017
6569,51.91854
6570,53.50696
6583,51.336742
6584,53.078056
6588,47.460987
6589,49.083015
6590,48.099754
6594,49.398705
6602,54.423492
6603,53.02478
6605,50.59158
6609,56.10598
6612,48.029358
6621,51.47258
6647,51.247307
6649,49.983967
6651,49.79872
6663,49.846916
6666,51.227516
6668,50.6428
6669,51.06731
6685,48.787094
6696,56.746986
6698,54.223183
6700,50.549633
6702,59.27942
6703,58.70901
6706,52.50704
6707,54.069347
6708,53.45781
6709,53.89804
6710,53.43474
6711,54.390064
6712,53.690895
6713,54.48896
6719,54.82203
6722,53.49676
6727,52.587654
6734,49.104515
6738,49.093685
6739,52.819214
6744,52.83887
6753,54.195156
6758,50.38417
6759,50.33465
6764,49.290333
6782,55.70738
6784,50.284367
6790,56.117317
6791,55.595535
6805,50.555614
6807,50.676403
6809,60.03768
6810,51.62742
6812,50.731495
6818,51.054817
6821,51.930992
6829,49.678352
6830,49.312202
6834,52.155098
6835,50.50073
6848,49.568367
6854,52.311417
6863,52.736656
6866,54.460274
6879,48.868744
6927,51.831375
6928,50.479897
6929,53.02936
6948,49.15302
6964,49.094776
6969,48.407543
6976,50.287975
6981,49.66554
6987,50.723537
6999,51.450863
7015,55.986412
7019,49.475475
7020,48.710823
7021,47.673008
7022,47.809372
7030,49.062088
7035,49.793983
7037,49.819824
7038,50.542557
7060,50.709953
7063,50.12292
7066,54.55863
7067,50.187138
7072,47.144497
7074,52.693798
7075,52.86588
7076,55.06411
7081,50.32849
7106,53.008266
7109,52.272717
7139,51.720108
7147,50.763634
7160,49.88227
7175,50.35478
7193,56.863693
7203,51.183586
7204,51.674343
7205,52.37402
7207,49.1583
7208,49.458374
7209,49.9096
7210,46.201298
7229,49.860836
7231,51.151894
7238,53.609966
7240,49.914234
7246,52.450016
7251,54.73157
7259,55.05661
7264,55.46217
7267,51.455864
7283,46.739437
7286,50.611458
7290,50.55186
7291,54.124626
7312,51.053955
7314,52.18171
7315,51.732964
7316,53.593086
7323,49.11487
7329,52.20002
7331,53.46736
7342,54.403065
7343,54.278774
7356,54.05961
7358,54.112194
7376,56.33462
7381,53.979557
7382,53.281246
7389,52.84501
7390,53.478783
7407,54.095894
7412,52.848972
7414,55.04716
7417,52.342365
7422,51.694073
7429,49.129745
7430,51.756104
7436,49.546597
7446,49.699627
7448,51.318348
7457,50.327755
7459,49.27543
7460,50.373165
7462,51.069103
7465,50.073864
7467,51.81311
7472,50.309467
7474,48.865013
7477,52.54632
7478,53.125805
7484,50.139267
7485,47.646854
7504,53.566902
7505,54.216137
7518,51.067116
7519,51.704914
7522,52.019176
7526,49.96925
7527,47.579033
7528,47.80736
7551,48.512863
7556,47.968586
7557,48.694176
7559,46.69181
7560,47.512955
7561,49.683205
7566,53.012745
7568,50.334373
7569,50.709953
7583,53.594994
7591,51.197376
7592,52.020424
7605,51.66132
7609,50.01737
7610,49.097706
7638,49.318695
7640,54.348145
7643,49.812283
7644,48.952606
7645,49.860863
7648,50.122185
7655,49.869225
7662,54.90102
7667,57.591084
7672,53.12896
7678,49.921024
7679,48.85501
7697,51.73313
7729,50.00898
7730,49.09879
7737,49.395714
7740,49.176582
7746,49.777203
7764,50.334373
7767,50.409737
7769,50.33464
7771,49.439587
7781,54.141575
7782,52.88879
7783,53.71974
7785,52.320248
7790,50.81332
7804,54.979294
7809,55.051132
7813,49.00829
7817,50.366383
7827,50.753254
7828,50.31366
7832,48.559727
7841,50.805573
7842,51.18998
7846,49.715443
7856,56.357704
7857,55.335857
7858,56.14046
7860,48.374104
7871,50.709698
7890,51.98355
7898,59.06731
7899,59.318604
7929,53.98605
7930,53.02123
7931,54.8279
7934,54.331993
7935,53.810337
7936,53.24034
7937,54.17995
7938,52.58323
7939,56.318237
7940,53.977562
7941,54.172314
7942,50.412106
7943,52.753166
7944,51.99226
7945,55.808628
7946,52.70727
7947,55.826893
7949,53.693695
7950,54.112526
7951,54.053043
7952,54.364372
7953,54.65745
7954,53.11665
7955,53.679543
7956,54.038517
7957,53.825268
7958,52.28588
7959,53.159184
7960,52.949608
7961,54.01949
7962,53.10233
7963,54.014393
7964,55.21028
7966,56.18674
7967,54.746437
7968,54.617462
7969,54.69275
7970,54.024887
7971,53.306984
7990,55.790955
8007,59.742073
8011,59.01884
8012,57.541435
8013,61.25636
8015,59.70511
8016,59.816715
8017,59.17134
8018,60.398552
8020,57.6729
8030,57.313213
8053,59.846924
8054,60.08453
8056,58.826443
8058,60.489944
8059,61.63688
8061,62.093704
8063,62.051224
8072,59.772053
8073,59.027313
8074,56.426353
8075,58.0317
8084,53.96198
8090,48.67284
8092,57.83713
8095,49.451485
8096,50.97174
8097,50.22964
8098,49.813026
8099,49.20529
8107,49.07867
8122,51.58169
8130,48.80236
8133,58.287975
8134,52.155552
8136,54.633575
8149,51.44075
8150,49.812
8152,50.15938
8161,56.708977
8162,55.881783
8167,50.19494
8168,49.10993
8171,52.777042
8173,51.75906
8175,52.327896
8193,52.766476
8202,49.670177
8208,52.66141
8219,54.950092
8220,50.338913
8221,52.77969
8223,53.896297
8225,48.907238
8236,51.509163
8237,52.750763
8240,52.98227
8241,50.033867
8242,49.751644
8243,48.537487
8245,52.668022
8246,52.343525
8252,52.199512
8254,51.96328
8260,49.896023
8263,50.297356
8269,47.753998
8277,51.895927
8278,50.719696
8281,56.505417
8288,51.82509
8289,56.564735
8291,61.316566
8292,60.45792
8293,52.482403
8299,54.080536
8300,53.983475
8303,46.351715
8304,47.690414
8305,47.829933
8313,49.610794
8317,50.13336
8318,53.798546
8328,55.6498
8330,51.3455
8335,49.095676
8341,55.342598
8342,53.61062
8345,48.60986
8348,49.439587
8353,50.718163
8364,56.46813
8372,54.296658
8373,54.09513
8376,51.506092
8377,53.446095
8403,50.120758
8404,49.426117
8405,54.83954
8412,50.667545
8416,46.25285
8427,50.486202
8438,48.62958
8439,50.64765
8443,53.81894
8446,51.341488
8447,51.996258
8448,51.033245
8450,56.57373
8451,56.059864
8483,49.504417
8494,57.19665
8504,55.7284
8505,50.422623
8518,54.890705
8523,52.162365
8524,50.07692
8525,47.79209
8544,54.60653
8555,51.083298
8566,50.1774
8570,50.88006
8572,51.657047
8573,51.532948
8576,49.370075
8578,51.309513
8585,52.98595
8594,53.76113
8595,52.731224
8628,47.674564
8643,50.07831
8665,50.54874
8676,52.483345
8677,49.498207
8680,52.378483
8684,50.184223
8693,52.016125
8694,49.970894
8697,50.278633
8701,51.22321
8702,52.00789
8714,49.959404
8723,52.625473
8724,53.24876
8726,52.47443
8732,51.2606
8739,50.919704
8741,56.879314
8744,53.47218
8754,51.379135
8755,51.852383
8760,52.253704
8761,51.566113
8762,52.32012
8769,51.06473
8783,52.42916
8790,55.640987
8791,53.99902
8796,49.942894
8801,57.3075
8802,50.67976
8803,51.593742
8804,50.69403
8805,51.546986
8806,51.2718
8815,58.56195
8827,57.3465
8835,53.754513
8849,60.251812
8852,59.59647
8853,55.729103
8859,55.226818
8860,54.607967
8865,48.30491
8870,59.085598
8871,57.418568
8872,57.64387
8882,58.53207
8883,58.767372
8887,57.577606
8889,61.159817
8903,58.106934
8906,54.286606
8917,56.984585
8923,59.21618
8924,57.782715
8938,56.993877
8939,53.12415
8940,55.378246
8952,57.9672
8954,57.9672
8960,55.41969
8964,51.20397
8971,52.24998
8972,55.340786
8974,57.740974
8978,54.769142
8980,47.799114
8985,51.238823
8993,55.197346
8997,54.823563
8999,56.512714
9007,50.465565
9008,50.780083
9009,49.082664
9020,51.057953
9022,51.331493
9024,54.390278
9026,54.79691
9027,52.72172
9031,51.15619
9052,52.932106
9073,52.75838
9077,54.58929
9085,50.25846
9102,52.165836
9115,52.77792
9118,50.386242
9123,49.79516
9127,49.955784
9131,49.059216
9136,49.108524
9137,48.549343
9145,49.73498
9156,50.340736
9157,50.35478
9162,49.750053
9163,49.41288
9167,52.787563
9174,52.118538
9181,52.17263
9184,49.19679
9189,55.01939
9192,48.11912
9201,59.514397
9202,59.847744
9203,59.56475
9204,60.515923
9206,58.239414
9207,62.510708
9208,59.269203
9209,59.463768
9210,59.002098
9211,60.61218
9212,60.175766
9216,49.384495
9219,51.385475
9220,51.580116
9222,53.513912
9232,50.765854
9238,50.562515
9239,48.99956
9250,48.53815
9285,46.98785
9288,52.819794
9292,53.949867
9304,55.483955
9325,46.261112
9326,51.53147
9336,49.610794
9338,50.67645
9339,50.536064
9341,52.53398
9344,52.612404
9350,51.16209
9351,52.2766
9368,54.64492
9377,50.584354
9393,52.31557
9400,48.987568
9401,49.403694
9403,49.325512
9410,49.135338
9411,51.195225
9412,52.37966
9413,52.166565
9418,50.337616
9425,50.711693
9449,48.109695
9450,48.368958
9456,47.543644
9457,47.715565
9462,47.144238
9472,51.708275
9474,49.229786
9476,50.721798
9477,50.27755
9492,48.21544
9494,53.751564
9495,51.012802
9498,52.814884
9499,52.990826
9502,50.02868
9514,50.878456
9515,47.647274
9519,50.974594
9525,49.52648
9534,47.3805
9537,49.028557
9539,47.94526
9541,48.42607
9543,51.530434
9556,53.369324
9558,55.645775
9559,56.189404
9563,55.184982
9576,53.250412
9578,49.507828
9580,50.02764
9586,52.53065
9588,52.267586
9593,51.01127
9598,56.53882
9613,52.109467
9617,48.655693
9620,49.29003
9631,51.217377
9632,47.51488
9634,51.1967
9636,53.258877
9651,50.737473
9655,48.873474
9656,50.739075
9657,50.321056
9680,50.128933
9681,49.911934
9684,50.761765
9695,51.60846
9703,52.986195
9707,52.677467
9709,51.22263
9713,52.998108
9716,51.63974
9717,50.56697
9719,50.3017
9725,49.157787
9726,53.628014
9734,54.83593
9742,51.766388
9743,52.81572
9747,50.411243
9754,47.79596
9755,47.16442
9760,47.345905
9763,50.490448
9771,49.948357
9775,53.78948
9785,52.965324
9801,56.981163
9802,56.998867
9803,57.422005
9804,56.255966
9806,57.62155
9827,53.84299
9829,49.948708
9832,48.039673
9835,49.8905
9848,50.054123
9851,53.369823
9855,49.781742
9863,50.208214
9864,49.065258
9865,49.294487
9866,48.968315
9867,52.044586
9879,52.70101
9883,58.715294
9893,56.016895
9899,51.9834
9912,50.123276
9920,50.67798
9927,50.65781
9929,50.336704
9930,51.535183
9932,50.78626
9933,50.906483
9939,52.574085
9940,48.549786
9941,50.177887
9954,49.645653
9958,48.593586
9963,49.536854
9972,49.85578
9980,54.174545
9985,48.820194
9992,50.314594
10008,50.191704
10022,48.275345
10023,54.426197
10030,50.33513
10038,50.009968
10041,48.094353
10042,49.791443
10048,50.6047
10061,48.83038
10066,50.27495
10072,50.07545
10073,55.24253
10080,49.62006
10082,52.899036
10092,48.22001
10093,49.639668
